artist,band
Plaster_(band),Plaster (band)@en
The_Asteroids_Galaxy_Tour,The Asteroids Galaxy Tour@en
Blazzaj,Blazzaj@en
Clazziquai,Clazziquai@en
Corduroy_(band),Corduroy (band)@en
Pnuma_Trio,Pnuma Trio@en
The_Greyboy_Allstars,The Greyboy Allstars@en
Medeski_Martin_&_Wood,Medeski Martin & Wood@en
Underground_Resistance_(band),Underground Resistance (band)@en
Jamiroquai,Jamiroquai@en
United_Future_Organization,United Future Organization@en
Zero_7,Zero 7@en
Kala_(band),Kala (band)@en
Cloroform,Cloroform@en
Groove_Collective,Groove Collective@en
Jazzhole,Jazzhole@en
Oui_3,Oui 3@en
Silent_Poets,Silent Poets@en
Mother_Earth_(UK_band),Mother Earth (UK band)@en
Alabama_3,Alabama 3@en
St_Germain_(musician),St Germain (musician)@en
Galactic,Galactic@en
Jaga_Jazzist,Jaga Jazzist@en
Praful,Praful@en
Xploding_Plastix,Xploding Plastix@en
Material_(band),Material (band)@en
Jestofunk,Jestofunk@en
The_Jet_Age_of_Tomorrow,The Jet Age of Tomorrow@en
Tab_Two,Tab Two@en
Freak_Power,Freak Power@en
London_Elektricity,London Elektricity@en
Mephisto_Odyssey,Mephisto Odyssey@en
Four80East,Four80East@en
Incognito_(band),Incognito (band)@en
Kalima_(band),Kalima (band)@en
Luk_(band),Luk (band)@en
Skunkhour,Skunkhour@en
The_Groove_(Indonesian_band),The Groove (Indonesian band)@en